batch_size,avg_latency_per_query_ms,avg_latency_per_batch_ms,throughput_qps,n_batches,batch_memory_mb,total_latency_ms,n_queries,efficiency
1,0.5828359127044678,0.5828359127044678,1715.7487694260512,1000,0.0029296875,582.8359127044678,1000,585642.2466307589
4,0.24011802673339844,0.9604721069335938,4164.618598628973,250,0.01171875,240.11802673339844,1000,355380.7870830057
8,0.1790144443511963,1.4321155548095703,5586.141406769209,125,0.0234375,179.0144443511963,1000,238342.03335548626
16,0.17351627349853516,2.754226563468812,5763.148204127621,63,0.046875,173.51627349853516,1000,122947.16168805592
32,0.10332560539245605,3.2289251685142517,9678.143149529626,32,0.09375,103.32560539245605,1000,103233.526928316
64,0.04682207107543945,2.926379442214966,21357.449105333373,16,0.1875,46.82207107543945,1000,113906.39522844466
128,0.03055548667907715,3.8194358348846436,32727.346499270436,8,0.375,30.55548667907715,1000,87272.9239980545
